hearing_date,unit,wells,avg_lateral_ft,dc_per_ft
2004-07-17,Miklovic I,3,16892,779.45
2004-07-17,Miklovic II,1,18835,753.92
2021-08-04,Borum N SMF JF Unit,1,12028,604.42
2022-10-19,Timberwolf CBN15 A Unit,4,15489,613.34
2022-12-07,Bowling North BRN CR Unit,4,12979,818.61
2023-12-19,Rock Ridge SE WRN BL Unit,1,13615,736.03
2024-01-01,Toot CR MON North,1,15384,806.03
2024-01-03,Kilburn III Unit,1,16411,1072.45
2024-01-03,Navy CBR18 A,4,16608,602.28
2024-01-10,Skull Fork NW LND GR Unit,1,20998,681.97
2024-01-10,Skull Fork W LND GR Unit,1,20726,685.61
2024-01-17,Kilburn II Unit,1,19920,923.69
2024-01-31,Dickson E CRC JF Unit,1,22170,713.31
2024-01-31,Dickson S CRC JF Unit,1,22357,705.86
2024-01-31,Dickson SE CRC JF Unit,1,22444,708.92
2024-01-31,Dickson SW CRC JF Unit,1,22177,707.58
2024-01-31,Toot CR MON NW,2,15378,803.12
2024-02-01,Toot CR MON North,1,14906,818.46
2024-02-07,Lodge NW WSG GR Unit,2,21420,550.67
2024-02-07,Skull Fork N LND GR Unit,1,20437,686.01
2024-02-14,E Clark South HFP25 B,3,16200,618.71
2024-02-14,Sable #2 NBK B,3,16765,656.12
2024-02-21,Beros NW Unit,3,11812,929.65
2024-02-21,White Rhino NBK B,4,15600,705.13
2024-02-28,Kilburn I Unit,1,19920,1004.02
2024-02-28,Skull Fork NE LND GR Unit,1,20987,678.04
2024-03-06,Lodge NE WSG GR Unit,2,20466,678.46
2024-03-06,Sauers CR UNI NE,2,17668,747.13
2024-03-06,Sauers CR UNI NW,2,17648,750.77
2024-03-13,Akers HN FRA East,1,18595,747.51
2024-03-13,Akers HN FRA NE,1,20939,740.25
2024-03-13,Akers HN FRA NW,1,20197,737.73
2024-03-20,Akers HN FRA West,1,19594,740.02
2024-03-20,Stone E CRC JF Unit,1,14889,793.34
2024-03-20,Stone NE CRC JF Unit,1,9309,908.8
2024-03-27,David Weaver HN STO South,3,16196,771.78
2024-03-27,Stone SW CRC JF Unit,1,14778,756.39
2024-04-03,Stone S CRC JF Unit,1,14780,795.33
2024-04-17,Beros SW Unit,3,13240,816.75
2024-04-23,Shadow CBR07 B,2,17578,658.23
2024-04-24,Kramer HN FRA East,2,16181,772.51
2024-04-24,Kramer HN FRA West,2,16181,775.6
2024-05-01,Cross Creek A S CRC JF Unit,1,24000,735.42
2024-05-01,Cross Creek A SE CRC JF Unit,1,24000,758.42
2024-05-01,Cross Creek A SW CRC JF Unit,1,16691,720.27
2024-05-15,Wagner GY CEN SE,1,23724,758.73
2024-05-22,Rogue HWS18 A,4,16390,635.58
2024-05-23,Striped Bass GY CEN South,4,17402,780.11
2024-05-23,Wagner GY CEN SW,3,21494,759.89
2024-05-29,Ruby Opal SE SNC NB Unit,1,17181,690.41
2024-06-12,Una SHC HR Unit,1,15890,695.66
2024-06-12,West I,2,14111,897.86
2024-06-18,Landman GY CEN South,2,18250,772.6
2024-06-18,Una C SHC HR Unit,1,15894,695.61
2024-06-20,Blue Butterfly GY VAL South,1,16660,792.29
2024-06-20,West II,2,13855,914.45
2024-06-26,Landman GY CEN SW,3,15473,803.53
2024-06-27,Folsam CR HAR South,4,18652,814.9
2024-06-27,Gambit HFP33 A,4,18384,621.86
2024-06-28,McMillen TC RSH North Unit,3,17639,795.6
2024-06-28,Una NE SHC HR Unit,1,15886,695.71
2024-07-10,Una E SHC HR,1,15882,695.76
2024-07-17,McGee Unit,3,16471,825.0
2024-07-24,Bouska NE FRE HR Unit,2,12914,760.8
2024-07-24,Jesse Stalder A Unit,1,19795,974.99
2024-07-24,Jesse Stalder B Unit,1,19810,913.68
2024-07-31,Bouska N FRE HR Unit,2,12079,784.42
2024-07-31,Victor NE WRN BL Unit,2,15089,707.7
2024-07-31,Victor NW WRN BL Unit,2,16284,722.33
2024-08-07,Tygers GY VAL South,4,17038,779.12
2024-08-21,Gemsbok NNB C,3,21120,710.23
2024-08-21,Premier E WHL BL Unit,1,17798,679.4
2024-08-21,Stitt South CR UNI South,4,13118,874.75
2024-08-28,Kitzmiller CL KNX SE,2,16797,794.78
2024-08-28,Rubel West Unit,3,15205,709.05
2024-08-28,Westhawk III,1,12983,1186.17
2024-09-04,Snyder CR UNI,3,20138,769.68
2024-09-11,Dwayne NE GRN HR Unit,2,18538,672.47
2024-09-11,Dwayne NW GRN HR Unit,2,18538,672.62
2024-09-11,Shula TWR27 A,4,19286,653.18
2024-09-12,McMillen TC RSH Unit,3,19414,728.0
2024-09-18,Skull Fork S LND GR,2,19739,674.3
2024-09-18,Skull Fork SE LND GR,1,17753,685.52
2024-09-25,Marsha CR UNI NW Extension,1,21487,758.6
2024-09-25,Premier W WHL BL Unit,1,17547,733.74
2024-09-26,Crowell NW WYN JF,1,16388,706.49
2024-09-26,Jesse Stalder C Unit,1,19374,960.05
2024-09-26,Skull Fork SW LND GR,1,21312,673.8
2024-09-27,Whitacre CBN 4B Unit,1,24531,676.29
2024-10-01,Begley Unit,1,13810,912.38
2024-10-02,Bears North NB BUF,4,16678,780.96
2024-10-02,Elkrun Johnston Northeast Unit 24,1,9512,850.93
2024-10-03,Elkrun Johnston Northwest Unit 24,1,9512,850.93
2024-10-03,Elkrun Johnston Southeast Unit 24,2,14433,718.56
2024-10-03,Elkrun Johnston Southwest Unit 24,2,16974,673.35
2024-10-04,Vanfossen CR AUG East,2,22518,763.83
2024-10-04,Vanfossen CR AUG West,2,20409,761.92
2024-10-09,Begley West Unit,1,15207,907.48
2024-10-09,Crowell C WYN JF,1,16369,706.7
2024-10-16,Begley Far West Unit,1,16600,849.4
2024-10-16,WE Linn GY WIL,2,15949,833.91
2024-10-16,Zimnox NW WEL JF Unit,1,10535,835.79
2024-10-23,Crowell NE WYN JF,1,19284,682.74
2024-10-23,Gray West Unit,4,16931,764.22
2024-10-23,Zimnox NE WEL JF Unit,2,10478,848.97
2024-10-30,Gray W Unit,4,15504,793.69
2024-11-06,Guthrie HN FRA East,2,15212,815.17
2024-11-13,Angel HWS A Unit,4,14300,658.75
2024-11-13,Cologie NE GRN HR Unit,1,21930,711.9
2024-11-13,Gingerich N LND GR Unit,3,14230,746.31
2024-11-14,Campbell IV,1,15119,820.16
2024-11-20,Campbell III,1,15119,892.92
2024-11-20,Cologie N GRN HR 3H,1,21901,711.75
2024-12-04,Cologie NW GRN HR Unit,1,21924,712.01
2024-12-04,Guthrie HN FRA West,2,16012,793.13
2024-12-04,Safreed West Unit,2,22086,876.12
2024-12-05,Frame Unit,2,13435,781.54
2024-12-05,Safreed East Unit,1,22086,851.22
2024-12-05,Xavier HFP B Unit,3,15600,675.63
2024-12-06,Beros SC Unit,1,13131,761.25
2024-12-06,Smeltz CR LEE North,3,19813,741.92
2024-12-06,Stillion N Unit,3,10313,816.96
2024-12-11,Banjo NW SHC HR Unit,1,13214,723.25
2024-12-11,Conquerors GY VAL North,3,19101,764.36
2024-12-11,Miller SW PLT BL Unit,1,16111,703.37
2024-12-12,Campbell II,1,15119,892.92
2024-12-18,McFrederick D Unit,1,15530,1152.61
2024-12-18,McFrederick F Unit,1,15524,1153.05
2024-12-18,McFrederick J Unit,1,15513,1153.87
2024-12-19,Banjo NE SHC HR Unit,2,13900,709.14
2025-01-08,McFrederick K Unit,1,15513,1153.87
2025-01-08,Miller SE PLT BL Unit,1,16105,720.4
2025-01-09,Elkrun Johnston Southeast Unit 25,2,16999,678.3
2025-01-09,Miller MC PLT BL Unit,1,15740,719.57
2025-01-09,Pearley TC PER NE,2,15981,760.28
2025-01-10,Elkrun Johnston Northwest Unit 25,1,9403,870.89
2025-01-10,Elkrun Johnston Southwest Unit 25,2,14438,725.25
2025-01-10,Indigo CBR A,3,16116,627.31
2025-01-15,Campbell I,1,15119,892.92
2025-01-15,Kenneth Lloyd South,3,13545,765.35
2025-01-15,Stillion S Unit,2,12136,802.0
2025-01-16,Beros Southeast Unit,2,22296,655.38
2025-01-22,Eckley CR CEN NW,2,15174,780.97
2025-01-29,Beacon NW CDZ HR Unit,1,15145,659.49
2025-01-29,Evans South I,1,19210,786.05
2025-01-29,Pearley TC PER NW,2,17156,781.05
2025-02-05,Beacon NE CDZ HR Unit,2,15172,659.32
2025-02-05,HTF CR UNI,4,14156,785.87
2025-02-05,Robinson SW PLT BL Unit,1,16435,745.54
2025-02-06,Evans South II,1,19210,786.05
2025-02-06,Stiers SW,4,14190,721.27
2025-02-07,Norris CL WES SE,2,15933,784.54
2025-02-07,Robinson W PLT BL Unit,1,16725,742.66
2025-02-12,Evans South III,1,19210,786.05
2025-02-12,Norris CL WES SW,3,15924,780.79
2025-02-12,Shadow CBR C,4,15606,618.35
2025-02-12,Sunfish GY CEN NW,1,10018,798.56
2025-02-13,Shula TWR A,4,21326,627.89
2025-02-19,Evans South IV,1,19226,785.39
2025-02-19,Hollyfield CR MON SW,2,23434,776.67
2025-02-19,Robinson C PLT BL Unit,1,14934,766.1
2025-02-20,Valerie-M Unit,4,16120,848.35
2025-03-05,Hollyfield CR MON SE,2,23565,774.45
2025-03-12,Gooding HWS A,4,13855,597.63
2025-03-12,Indigo CBR B,3,22208,560.61
2025-03-26,Norris CL WES South,5,15918,778.97
2025-04-02,Leila NW LND GR Unit,1,22233,646.79
2025-04-02,Una N SHC HR Unit,1,15899,706.65
2025-04-03,Una W SHC HR Unit,1,15903,722.57
2025-04-09,Leila W LND GR Unit,1,21763,644.21
2025-04-09,Una NW SHC HR Unit,1,15897,722.65
2025-04-16,Leila N LND GR Unit,1,20688,640.95
2025-04-16,Leila NE LND GR Unit,1,20651,641.13
2025-04-16,Norris CL WES East,2,15918,779.02
2025-04-17,Norris CL WES West,3,15919,778.94
2025-04-30,Miller D-M Unit,2,22970,679.15
2025-04-30,Miller E-M Unit,1,20951,706.41
2025-05-07,Bearcats NB BUF,3,20492,775.91
2025-05-07,Kidd South Unit,4,14858,779.03
2025-05-08,Chaney South III Unit,1,16288,877.95
2025-05-08,Miller A-UPP Unit,2,10769,1281.46
2025-05-08,Williams CR MON West,2,15848,772.94
2025-05-09,Davis Farms CR UNI SW,1,13683,789.3
2025-05-14,Cheetah NSH C,3,15841,638.85
2025-05-14,Davis Farms CR UNI South Extension,2,16578,738.93
2025-05-21,Seifer HN MON SE,2,17832,779.5
2025-05-21,Seifer HN MON SW,2,17737,778.03
2025-05-21,Walters Brunk Unit,2,16166,779.41
2025-05-22,Deersville HN FRA NW,2,18790,779.69
2025-05-22,Randall L-M Unit,1,24000,691.67
2025-05-23,Bishop TML A,4,16320,557.0
2025-05-28,Deersville HN FRA NE,2,20950,775.64
2025-06-04,Antolak E RCH BL Unit,1,12569,772.22
2025-06-04,D L Mayberry A Unit,2,18348,787.82
2025-06-04,D L Mayberry B Unit,1,17512,797.74
2025-06-05,Chaney South II Unit,2,17241,925.12
2025-06-05,Fairfield Phoenix Northeast Unit,2,13060,739.18
2025-06-05,Fairfield Phoenix Northwest Unit,2,13268,736.7
2025-06-11,Antolak N RCH BL Unit,1,13134,804.1
2025-06-11,Bannock NE UNN BL Unit,1,23443,646.25
2025-06-11,Landman GY CEN SE,3,17485,777.81
2025-06-18,Antolak NE RCH BL Unit,1,13967,737.02
2025-06-18,Bannock NW UNN BL Unit,1,22562,640.46
2025-06-18,Watkins CR MON South,4,14204,781.48
2025-06-26,Antolak NW RCH BL Unit,2,14190,755.58
2025-06-26,Fairfield Phoenix Southwest Unit,2,10688,812.12
2025-06-26,Grand W WRN BL Unit,1,19699,638.1
2025-06-27,Bearcats NB BUF 210H Unit,1,17976,778.82
2025-06-27,Randall F-M Unit,1,22953,736.29
2025-06-27,Randall G-M Unit,1,22831,744.6
2025-07-09,Grand NE WRN BL Unit,1,18824,641.73
2025-07-09,Lasso NE SHC HR Unit,1,19820,688.04
2025-07-09,Randall E-M Unit,1,24529,750.13
2025-07-10,Grand E WRN BL Unit,1,18311,645.51
2025-07-16,Fairfield Phoenix Southeast Unit,3,16131,677.49
2025-07-16,Grove CL KNX SE Unit,2,21244,776.69
2025-07-16,Lasso N SHC HR Unit,1,19204,691.11
2025-07-17,Navy CBR B Unit,4,15602,560.83
2025-07-23,Lasso NW SHC HR Unit,1,19445,689.84
2025-07-23,Sadler E SHC HR Unit,1,16581,704.84
2025-07-25,Ayers SE MDS GR Unit,2,14477,695.93
2025-07-25,Ayers SW MDS GR Unit,2,15220,684.3
2025-08-06,Bison NNB AA,2,17915,591.12
2025-08-06,Cobalt CBR A,5,17237,550.55
2025-08-06,Sadler NE SHC HR Unit,1,21564,690.13
2025-08-07,Moonstone S SNC NB,1,17719,694.17
2025-08-13,Hanchin HN GER South,3,11858,789.9
2025-08-13,Rufener D-M Unit,1,26160,684.25
2025-08-14,Moonstone SE SNC NB,1,17388,668.85
2025-08-20,Rufener E-M Unit,1,25453,687.54
2025-08-20,Rufener F-M Unit,1,19497,753.96
2025-08-20,Sunfish GY CEN East,3,14842,781.55
2025-08-21,Gazelle NSH Unit,4,16360,559.9
2025-08-21,Oryx NSH Unit,4,16360,559.9
2025-08-21,Rubel SW Unit,3,14581,812.45
2025-08-22,Moonstone E SNC NB Unit,1,17131,670.71
2025-08-22,Prosser NE UNN BL,2,20376,631.63
2025-08-22,Sunfish GY CEN West,2,13338,787.22
2025-08-27,Engle HN FRA NW,2,21176,795.73
2025-08-27,Fairfield Phoenix Southwest Unit 25,2,10688,812.12
2025-08-27,Young I,1,20000,680.0
2025-08-28,Engle HN FRA NE,3,19957,776.68
2025-08-28,Ezekiel NE WRN BL Unit,2,13033,727.0
2025-08-28,Shula TWR B,3,15600,573.72
2025-09-03,Bison NNB B,2,13286,647.3
2025-09-17,Rufener G-M Unit,1,21029,827.43
2025-09-17,Walters B Unit,2,16166,781.39
2025-09-17,Windsor Unit,1,18650,918.82
2025-09-24,Good Shepherd HN GMN SE,2,19990,777.91
2025-09-24,Good Shepherd HN GMN SW,2,20034,778.68
2025-09-24,Young II,1,20001,679.97
2025-09-25,Archie NW WYN JF Unit,1,19212,651.36
2025-10-01,Archie N WYN JF Unit,1,18583,655.17
2025-10-01,Ronald N SMF JF Unit,2,8517,1003.23
2025-10-01,Storm HWS A Unit,5,18478,508.71
2025-10-02,RH Sparger SW NTG HR Unit,1,16886,639.58
2025-10-08,Begley 2 Unit,1,13810,876.18
2025-10-08,Begley East 2 Unit,1,13608,881.83
2025-10-08,Young IV,1,19755,653.0
2025-10-09,RH Sparger S NTG HR Unit,1,16874,639.45
2025-10-15,RH Sparger SE NTG HR Unit,1,16862,646.42
2025-10-22,Archie C WYN JF Unit,1,23557,662.95
2025-10-22,Archie NE WYN JF Unit,1,23860,665.13
2025-10-29,Sloan I Unit,1,20000,900.0
2025-10-29,Young III,1,19951,666.63
2025-11-05,Sloan II Unit,1,20000,900.0
2025-11-12,Harvey I,1,13729,903.2
2025-11-12,Harvey IV,1,16488,824.84
2025-11-13,Paul Holiday F UP Unit,1,15857,763.07
2025-11-13,Paul Holiday G UP Unit,1,15763,767.62
2025-11-13,Paul Holiday H UP Unit,1,15789,779.02
2025-11-14,Paul Holiday D UP Unit,1,16746,973.37
2025-11-14,Sharp E WHL BL Unit,2,14060,762.81
2025-11-19,Harvey II,1,15550,848.87
2025-11-19,Harvey III,1,15661,842.86
2025-11-19,Sharp W WHL BL Unit,1,17189,726.28
2025-11-20,Honus Wagner HN MON East,2,17001,619.96
2025-11-20,Honus Wagner HN MON West,2,19366,615.01
2025-12-03,Bertram NW LND GR Unit,1,20613,642.31
2025-12-03,Paul Holiday B UP Unit,1,16745,806.21
2025-12-03,Shugert GY CEN South,4,13119,729.08
2025-12-04,Reed IV,1,12687,953.73
2025-12-05,Lambeau TWR A Unit,3,17745,540.05
2025-12-05,Quartz SSY A,4,15609,586.2
2025-12-05,Reed III,1,13518,917.3
2025-12-10,Charley N ATH HR,2,13547,709.01
2025-12-10,Gingerich North LND GR Unit,3,14230,676.51
2025-12-10,Withey NW WRN BL Unit,2,15738,684.67
2025-12-11,Bertram N LND GR Unit,1,21020,641.77
2025-12-11,Ditka TWR A Unit,3,18253,605.01
2025-12-11,Withey NE WRN BL Unit,2,15961,665.69
2025-12-17,Bertram NE LND GR Unit,1,20907,641.75
2025-12-17,Charley W ATH HR Unit,1,8533,895.35
2025-12-17,R&D Cooper NBU A,2,20042,640.9
2025-12-17,The Wright Way CR BRN NE,2,22396,511.49
2025-12-18,R&D Cooper NBU B,2,19569,648.47
2025-12-18,Rubel SE Unit,2,18935,648.56
2025-12-19,Sylvester Antolak B,1,6444,592.8
2025-12-19,Sylvester Antolak C,1,12129,913.51
2025-12-19,Sylvester Antolak D,1,12553,903.37
2026-01-07,Indigo CBR C,5,15840,587.63
2026-01-07,Reed I,1,7495,1307.54
2026-01-07,Reed II,1,14332,879.15
2026-01-07,Team Legacy,3,15227,663.3
2026-01-08,Cena NW WYN JF,2,14564,733.76
2026-01-08,Gray CE Unit,2,23866,760.23
2026-01-08,Timberwolf CBN B,2,14619,586.91
2026-01-08,Timberwolf CBN C,3,14833,585.19
2026-01-09,Sylvester Antolak A,2,3817,593.4
2026-01-14,Cena NE WYN JF,1,14454,763.73
2026-01-14,Mammoth NSH D,2,21121,549.93
2026-01-14,Wylie NW SHC HR Unit,1,22479,652.61
2026-01-28,Sadler NW SHC HR Unit,1,22704,659.88
2026-01-28,Sapphire CBR A,4,19408,529.29
2026-01-28,Wylie W SHC HR Unit,1,22484,652.46
2026-02-04,Sadler N SHC HR Unit,1,21629,642.56
2026-02-04,Wylie N SHC HR,1,22488,652.35
2026-02-11,HWW HST A,2,20398,528.48
2026-02-11,HWW HST B,2,21260,525.63
2026-02-11,Larrick South Unit,3,19935,844.81
2026-02-11,McKeegan North-M Unit,2,19910,803.62
2026-02-12,Sadler W SHC HR Unit,1,22698,659.93
2026-02-13,Wylie NE SHC HR,1,20742,665.32
2026-03-04,Lloyd Smith CMN B,2,19974,527.95
2026-03-04,Lloyd Smith CMN C,2,19972,544.5
2026-03-11,Cooper W WSG GR Unit,1,20051,635.88
2026-03-11,McKeegan South-M Unit,2,17944,841.51
2026-03-11,Sloan III Unit,1,20000,900.0
2026-03-25,Cooper C WSG GR Unit,1,20898,632.6
2026-03-25,Gray E Unit,2,21784,784.78
2026-03-25,Whitacre CBR Southeast,4,21771,556.24
2026-04-01,Cooper SW WSG GR Unit,1,18637,646.03
2026-04-15,Chapman GY CEN South Amendment,3,15531,600.32
2026-04-22,Alabaster N STC NB Unit,1,22758,703.05
2026-04-22,McFrederick E UP Unit,2,14526,984.41
2026-04-22,McFrederick G UP Unit,1,13802,970.87
2026-04-29,Alabaster NE STC NB Unit,1,22448,702.51
2026-05-06,Alabaster NW STC NB Unit,1,20964,710.27
2026-05-06,Christman-U Unit,3,11083,1112.09
2026-05-27,Claugus East Unit,1,18919,845.71
2026-06-03,Christman-M Unit,3,11083,937.08
2026-06-10,Gemsbok NNB CE,3,21177,570.26
2026-06-10,Larrick SW Unit,1,21732,900.52
2026-06-17,Pearley TPR C,2,15697,604.26
2026-06-17,Pearley TPR D,2,15829,603.64
2026-07-01,Henderson NE RCH BL Unit,1,16734,702.46
2026-07-01,Tilapia A,3,21042,576.75
2026-07-08,Henderson NW RCH BL Unit,1,17531,740.06
2026-07-08,Posey Oxford Unit,2,19008,807.58
2026-07-15,HWW A Unit,2,22801,564.89
2026-07-15,R&D Cooper B,3,22649,551.97
2026-07-16,Downing N WYN JF,2,14212,759.19
2026-07-22,Cobalt CBR B,5,22285,551.45
2026-07-29,R&D Cooper A,3,22065,567.6
2026-08-05,Circle Oaks NE WSG GR Unit,1,14750,675.93
2026-08-05,Circle Oaks NW WSG GR Unit,2,15481,664.04
2026-08-12,Claugus Unit,1,18543,857.47
2026-08-12,Fuchs B-M Unit,1,18139,738.74
2026-08-12,Fuchs C-M Unit,1,17817,718.41
2026-08-26,Engle HFR South,7,20739,568.02
2026-08-27,Claugus Northeast Unit,1,18738,853.88
2026-08-27,Shannon East-M Unit,2,10112,1087.82
2026-08-27,Shannon West-M Unit,2,9661,1112.72
2026-09-02,Culbertson I Unit,1,18008,744.11
2026-09-02,Culbertson II Unit,1,18393,733.97
2026-09-02,Viper NW SHC HR Unit,2,12008,803.67
2026-09-03,Fuchs OG-M Unit,1,15462,769.63
2026-09-09,Booth SE Unit,2,17744,1011.92
2026-09-09,Fairfield Pegasus South Unit,1,14978,765.19
2026-09-09,Towe HMN North,4,14316,639.49
2026-09-10,Booth SW Unit,3,16156,1048.71
2026-09-10,Robinson SE PLT BL Unit,1,13629,772.03
2026-09-10,Viper N SHC HR Unit,1,18041,714.04
2026-09-16,Bowling CBR NW,3,23555,544.68
2026-09-16,Claugus West Unit,1,21007,809.25
2026-09-16,Stoney GCE SE,2,20670,566.02
2026-09-17,Robinson E PLT BL Unit,2,9651,931.56
2026-09-17,Viper NE SHC HR Unit,1,18055,686.24
2026-09-18,Fairfield Pegasus Northeast Unit,2,18183,705.8
2026-09-18,Robinson S PLT BL Unit,1,15827,750.49
2026-09-23,Fairfield Pegasus North Unit,2,21006,667.85
2026-09-23,Stoney GCE SW,2,20108,577.62
2026-09-30,Breitenstine W Unit,3,14487,1078.07
2026-09-30,Culbertson III Unit,1,19159,725.51
2026-09-30,Lightning A Unit,9,12640,664.66
2026-10-01,Kirk SE OXF GR,2,13366,717.89
2026-10-01,Kirk SW OXF GR,2,14293,698.24
2026-10-01,Vinny C CLR BL Unit,2,21400,652.62
2026-10-07,Fairfield Pegasus Northwest Unit,2,17355,721.95
2026-10-07,Lambeau TWR North,5,20748,568.5
2026-10-08,Vinny E CLR BL Unit,1,17602,679.01
2026-10-08,Vinny W CLR BL Unit,1,21436,652.73
2026-10-08,Wesley West,1,16045,941.1
2026-10-14,Wesley East,1,16630,920.02
2026-10-21,AP Trust SE MRF HR Unit,1,14322,663.32
2026-10-21,Chapman A,3,14980,635.74
2026-10-21,Vanfossen CAU NW,3,24031,543.73
2026-10-22,Beardsley North Unit,2,18218,697.11
2026-10-28,AP Trust E MRF HR Unit,1,14255,663.63
2026-11-04,Folsam CHR SW,3,20277,563.85
2026-11-12,Beardsley South Unit,2,21155,699.6
2026-11-12,Leila SW LND GR Unit,1,19606,610.02
